{
    "code": "curdledsoy",
    "sealHours": 48,
    "ingredients": [
        {
            "type": "item",
            "code": "game:pickledvegetable-*",
            "name": "pickledvegetable",
            "quantity": 1,
            "allowedVariants": [
                "carrot",
                "onion",
                "parsnip",
                "pumpkin",
                "turnip",
                "cabbage",
                "bellpepper"
            ]
        },
        {
            "type": "item",
            "code": "expandedfoods:soymilk-raw",
            "litres": 10
        }
    ],
    "output": {
        "type": "item",
        "code": "game:curdledmilkportion",
        "litres": 10
    }
}